# GENERATED 
ahnielsen = Anders Holmbech Brandt
aldaris88 = Peter Major
almaw = Alastair Maw
astubbs1 = Antony Stubbs
bgoldowsky = Boris Goldowsky
billen = Frank Bille Jensen
blade23 = Blade23
bruno_borges = Bruno Borges
buchi = Gabriel Bucher
cameronbraid = Cameron Braid
cazoury = Carl Azoury
cdeal = Chuck Deal
costescuandrei = Andrei Costescu
cowwoc = Gili Tzabari
ctataryn = Craig Tataryn
dashorst = Martijn Dashorst
della = Daniele Dellafiore
djspiewak = Daniel Spiewak
donohoe = Doug Donohoe
dtoffe = Daniel Toffetti
dukehoops02 = Nikita Tovstoles
dwayneb = David Bernard
edvinsyse = Edvin Syse
eelco12 = Eelco Hillenius
egolan = Eyal G
enchos = J?n Zaefferer
evanchooly = Justin Lee
evoosten = Erik van Oosten
fdiotalevi = Filippo Diotalevi
funkattack = Martin Funk
gerolf = Gerolf Seitz
goldsounds = Daniel Walmsley
gregory4662 = Gregory Maes
gwynevans = Gwyn Evans
hlubek = Christopher Hlubek
ivaynberg = Igor Vaynberg
jannehietamaki = Janne Hietam?i
jasonb42 = JasonB42
jdonnerstag = Juergen Donnerstag
jimmclaughlin = Jim McLaughlin
jklingstedt = Jonas Klingstedt
joco01 = Johan Compagner
jonathanlocke = Jonathan Locke
joncrlsn = Jonathan Carlson
jordeu = Jordi Deu Pons
josh_lim = Joshua Lim
jsarman = John Sarman
jsinai = jsinai
jthomerson = Jeremy Thomerson
jwcarman = James Carman
kare = Kare Nuorteva
kinabalu = kinabalu
knopp = Matej Knopp
korbinian_bachl = Korbinian Bachl
kpgalligan = Kevin Galligan
kplaakso = Karri-Pekka Laakso
kryptt = Rodolfo Hansen
lm61 = lm61
lpetit = Laurent PETIT
lvonk = Lars Vonk
maartenbosteels = Maarten Bosteels
marcovandehaar = Marco van de haar
marinsm = Marin Mandradjiev
marisorb = Maris Orbidans
martingrigorov = Martin Grigorov
mikel = Michael Livingston
mindhaq = R?iger Schulz
mnesarco = Frank D. Martinez. (mnesarco)
mocleiri = Michael O'Cleirigh
molenkampb = Bart
mosmann = Michael Mosmann
msparer = Michael Sparer
mwuertinger = Michael W?tinger
nheudecker = Nick Heudecker
nihilisticz = Michael Laccetti
nmwael = Nino Martinez Wael
paolodt = Paolo Di Tommaso
papegaaij = Papegaaij
patrickangeles = Patrick Angeles
pedrosans = Pedro Santos
peterneubauer = Peter Neubauer
pirx = Roland Huss
pkulak = Phil Kulak
plbogen = Paul Logasa Bogen II
pointbrk = pointbreak
quenotj = Jean-Baptiste Quenot
raboofje = Arnout Engelen
rcrumley = Ryan Crumley
rdleeper = rdleeper
richardwilko = Richard Wilkinson
ridsch = Richard Wiesinger
rossputin = rossputin
rstarzer = Robert Starzer
ruud_booltink = Tudo
ryangravener = Ryan Gravener
ryantxu = Ryan McKinley
sakiss = sakiss
sandervfaassen = Sander van Faassen
scrissman = scrissman
sebthom = seb
sfussenegger = Stefan F
shake234 = Johannes Schneider
slawekstec = S?awomir Stec
stefanlindner = Stefan Lindner
sullis = Sean Sullivan
svenmeier = Sven Meier
syca = Iulian Costan
syl_ = syl_
taranenko = Oleg Taranenko
tauren = Tauren Mills
tboudreau = Tim Boudreau
ted_roeloffzen = Ted Roeloffzen
terranvs = Olger Warnier
theserge = Philip A. Chapman
uweschaefer = Uwe Sch?er
vdemay = Vincent Demay
victori = victori
virtualone = Andreas Petersson
weazelb0y = Joseph Toth
wickeria = d. s.
wireframe6464 = ryan sonnek
xhanin = Xavier Hanin
